{
    "light": {
        "0": {},
        "1": {}
    },
    "dark": {
        "0": {
            "background": {
                "type": "linear",
                "angle": 2.477000692966169,
                "preset": null,
                "colors": [
                    {
                        "code": "hsla(258, 42.85714285714287%, 33%, 0.5931034482758621)",
                        "angle": 258.3178229021588,
                        "radius": 0.6066846066755325,
                        "value": 0.48275862068965514,
                        "opacity": 0.5931034482758621,
                        "order": 0
                    },
                    {
                        "code": "hsla(171, 58.73015873015872%, 38%, 0.3758620689655172)",
                        "angle": 171.41693814602087,
                        "radius": 0.7488772010452359,
                        "value": 0.6103448275862069,
                        "opacity": 0.3758620689655172,
                        "order": 1
                    },
                    {
                        "code": "hsla(0, 0%, 0%, 0.19655172413793098)",
                        "angle": 0,
                        "radius": 0,
                        "value": 0,
                        "opacity": 0.19655172413793098,
                        "order": 2
                    }
                ]
            }
        },
        "1": {}
    },
    "version": 1
}